Id_company,Company Name,Id_company,Address
a75ky23s,Công ty Cổ phần Đầu tư Thương mại và Phát triển Công nghệ Hòa Bình - Việt Nam,a75ky23s,"Lô B7 & B8, ngõ 187 Nguyễn Tuân, Nhân Chính, Thanh Xuân, Hà Nội"
m68oe69b,Công Ty Cổ Phần Sundrone Việt Nam,m68oe69b,"U2-15 đường số 5, khu dân cư Miền Nam, Phường Hưng Phú, Quận Cái Răng, Thành phố Cần Thơ, Việt Nam"
e18ju91m,CÔNG TY TNHH THIẾT BỊ BAY PHƯƠNG TÍN,e18ju91m,"Số 40 Lý Thái Tổ, Đông Kinh, Lạng Sơn"
q92yc39y,CÔNG TY CỔ PHẦN CÔNG NGHỆ THÔNG MINH MISMART,q92yc39y,"68 Nguyễn Huệ, phường Bến Nghé, Quận 1, Thành phố Hồ Chí Minh."
z23gg78s,CÔNG TY TNHH DRONE SÔNG HỒNG,z23gg78s,"Thôn 1, Xã Xuân Sinh, Huyện Thọ xuân, Tỉnh Thanh Hóa"
a16xv50b,Công ty Cổ phần Dịch vụ Nông nghiệp MAJ (MAJ Việt Nam),a16xv50b,"Số 9, Ngõ 52 Quan Nhân, Trung Hòa,  Cầu Giấy, Hà Nội"
d44us76g,CÔNG TY CỔ PHẦN THIẾT BỊ THẮNG LỢI,d44us76g,"số 6 Hòa Mã, P. Phạm Đình Hổ, Q. Hai Bà Trưng, Tp. Hà Nội"
v57xk43u,CÔNG TY CỔ PHẦN THIẾT BỊ BAY AGRIDRONE VIỆT NAM,v57xk43u,"4329 Nguyễn Cửu Phú, Phường Tân Tạo A, Quận Bình Tân, Thành phố Hồ Chí Minh"
a51hj49j,CÔNG TY CỔ PHẦN THIẾT BỊ BAY DRONE VIỆT NAM,a51hj49j,"Bình Tân, Hồ Chí Minh"
r73jh70b,CÔNG TY CỔ PHẦN DIGIDRONE,r73jh70b,"Võ Văn Kiệt, Khóm 3, TT. Tràm Chim, Tam nông, Đồng Tháp"
y34yt99g,Viet-Flycam,y34yt99g,"167 đường số 4, Khu Đô Thị Vạn Phúc City, Thủ Đức, Hồ Chí Minh"
e67ln11f,DJI VIETNAM | FLYCAMPRO,e67ln11f,"15 Lý Thái Tổ, P1, Q10, Tp HCM"
t79oj16d,TẬP ĐOÀN CT GROUP,t79oj16d,"Léman Building – 20 Trương Định, Quận 3, TP.Hồ Chí Minh"
e86jq98e,AGS Technologies,e86jq98e,"14 Trần Hưng Đạo, Hà Nội, Việt Nam"
r45gz63c,CÔNG TY CỔ PHẦN CÔNG NGHỆ NGUYỄN KIM,r45gz63c,Số 17 ngõ 1/3 Vũ Trọng Khánh - Mộ Lao - Hà Đông - Hà Nội
b75gq98z,CÔNG TY CỔ PHẦN THIẾT BỊ BAY CÁNH DIỀU VIỆT,b75gq98z,"647/24A Quốc lộ 13, phường Hiệp Bình Phước, TP. Thủ Đức, Hồ Chí Minh."
d44xa48n,CÔNG TY CỔ PHẦN ĐẠI THÀNH,d44xa48n,"Số 4, Phố Dã Tượng, Đ. Lê Văn Thịnh, P. Suối Hoa, TP Bắc Ninh."
n76ja44q,CÔNG TY CỔ PHẦN AIRNANO VIỆT NAM,n76ja44q,"Số 50, đường Nguyễn Hữu Thọ, Phường Xuân Phú, Thành phố Huế"
i66dk91v,CÔNG TY TNHH ĐẤT HỢP,i66dk91v,"Số 2, Đường số 4, Khu nhà ở Vạn Phúc 1, P. Hiệp Bình Phước, TP. Thủ Đức, TP. HCM"
n93xo54u,Linh Kiện Store ,n93xo54u,15 Thăng Long P.4 Q. Tân Bình Tp. HCM
q57hu71h,GTECHSTORE,q57hu71h,"LK09 Khu Ngoại Giao Đoàn, Tây Hồ, Hà Nội"
y93pk40h,VNFAST DOKI DOKIMI,y93pk40h,"4324/4 Nguyễn Cửu Phú, Tân Tạo A, Bình Tân"
o22rl47e,HOBBYTECH,o22rl47e,Tầng 1B số 159 Bạch Đằng - Phường Thượng Lý - Quận Hồng Bàng - TP Hải Phòng
h96va56t,CÔNG TY TNHH CÔNG NGHỆ ABM VIỆT NAM,h96va56t,"Phòng 408, Lầu 3, 296 Nguyễn Văn Đậu, Phường 11, Bình Thạnh, Thành phố Hồ Chí Minh, Việt Nam"
j15if16s,AONIC (HQ),j15if16s,"Phường Đa Kao, Quận 1, Thành Phố Hồ Chí Minh"
i32es43q,XAG MeKong,i32es43q,"Khóm 3, Thị Trấn Tràm Chim, Tam Nông, Đồng Tháp"
q93og42m,Shop Đồ Chơi Điều Khiển Quận 10,q93og42m,"Hẽm 162 Trần Nhân Tôn ,Phường 2, Quận 10, Tp HCM (Vô hẽm 20m)"
d98wm36k,THEGIOIMAY.VN,d98wm36k,"96-98 Đường 5A, Phường Bình Hưng Hòa A, Quận Bình Tân, Tp. Hồ Chí Minh"
c39sr57x,Flycam Giá Rẻ,c39sr57x,110/4 Trung Kính - Cầu Giấy - Hà Nội
n76ua21g,AGRAS VIỆT NAM,n76ua21g,"14 Trần Hưng Đạo, Q. Hoàn Kiếm, Hà Nội"
n71ln41n,TRUNG TÂM ĐẲNG CẤP DIGITAL,n71ln41n,"24 Rạch Bùng Binh, P10, Q.3, HCM"
e76xh88u,Linh Kiện RC,e76xh88u,Số 3 Ngách 334 Ngõ 192 Lê Trọng Tấn - Khương Mai - Thanh Xuân - Hà Nội
t72wv82z,Công Ty Cổ Phần GeoTech Global,t72wv82z,"Thôn Bỗng Phồn, xã Vĩnh Hòa, huyện Vĩnh Lộc, tỉnh Thanh Hóa, Việt Nam"
f72oy63p,Mood FPV Việt Nam,f72oy63p,"Số 16 Phố Đê Tô Hoàng - Bạch Mai, Phường Bách Khoa, Quận Hai Bà Trưng, Hà Nội"
c23vs70d,CÔNG TY TNHH KỸ THUẬT CÔNG NGHIỆP SAO VIỆT,c23vs70d,"Số nhà 5/13/51/151 Nguyễn Đức Cảnh, P.Tương Mai, Q.Hoàng Mai, TP.Hà Nội"
h18ik86z,VIETDRONE,h18ik86z,"Căn nhà số 12, Đường D3 Khu Dân Cư Mega Ruby, Tổ 9 Khu phố 2, Đường Phú Hữu, Thành phố Thủ Đức"
z90qm45m,Vua Mô Hình,z90qm45m,"Số 7/1 hẻm 7 đường số 44, P.14, Q. Gò Vấp"
h20tw74x,Đại Lý Đồ Chơi,h20tw74x,"36 Trần Thủ Độ, Phú Thạnh, Tân Phú, Hồ Chí Minh"
u30pf70l,Công ty TNHH Đồ Sáng Tạo,u30pf70l,"434 Nguyễn Văn Công, P3, Gò Vấp, HCM"
o34oq95a,Trường An Equipment,o34oq95a,"25/49/3 P.Sơn Kỳ, Q.Tân Phú, Thành phố Hồ Chí Minh."
z39jv57e,Công ty cổ phần Linh Kiện Việt Nam,z39jv57e,Số 64 phố Hoàng Sâm - Cầu Giấy - Hà Nội
m96lk70d,JOLA ,m96lk70d,"120 Trần Minh Quyền, P.11, Q.10, TP.HCM"
d57rf53q,Công ty cổ phần Chima Việt Nam,d57rf53q,"Tầng 12, Tháp C, Toà nhà Hồ Gươm Plaza - 102 Trần Phú - Quận Hà Đông - TP Hà Nội - Việt Nam;"
s79dx60p,Shop linh kiện điện tử Thủ Đức,s79dx60p,"23/5/14 Đường TA16, Phường Thới An, Q.12"
z90ze61r,CÔNG TY TNHH NGÂN ANH PHÁT,z90ze61r,"D3, KP3, Phường Tam Hòa, TP.Biên Hòa - Đồng Nai"
r70pw38r,CÔNG TY CỔ PHẦN KHOA HỌC SÁNG TẠO ROBOTICS,r70pw38r,"121 Bùi Xương Trạch, phường Khương Đình, Thanh Xuân, Hà Nội."
q88ae53q,"CÔNG TY TNHH ENGITECH (ENGITECH CO., LTD)",q88ae53q,"12/1 Đường 5D, P. Bình Hưng Hòa A, Q. Bình Tân, TPHCM"
s22yo47x,CÔNG TY CỔ PHẦN NHÔM NGỌC DIỆP,s22yo47x,360 Điện Biên Phủ - Bình Thạnh – TP. Hồ Chí Minh
q67fo87s,CÔNG TY CỔ PHẦN NHÔM HYUNDAI VIỆT NAM,q67fo87s,"Lô CN 3.1, KCN Phú Nghĩa – Chương Mỹ- Hà Nội"
i62yb54o,CÔNG TY TNHH NHÔM ĐÔNG Á,i62yb54o,"Cụm CN Tân Dân, TP Chí Linh, Tỉnh Hải Dương"
n11hu48w,CÔNG TY TNHH TUNGYANG,n11hu48w,"Xã Cẩm Phúc, Huyện Cẩm Giàng, Tỉnh Hải Dương, Việt Nam"
h64uj46o,Công ty TNHH Công nghiệp Tungshin,h64uj46o,"Số 8, đường 18, Khu Công nghiệp Sóng Thần 2, Bình Dương, Việt Nam."
a94qk22t,CÔNG TY CỔ PHẦN NHÔM VIỆT PHÁP,a94qk22t,Lô A2 – CN8 – KCN Từ Liêm – TP Hà Nội
x57fp28j,CÔNG TY CỔ PHẦN TỔ HỢP CÔNG NGHIỆP XÂY DỰNG NAM HẢI,x57fp28j,"Số 01-9A, Khu đô thị Vĩnh Hoàng, Phường Hoàng Văn Thụ, Quận Hoàng Mai, Hà Nội"
z39nt11c,CÔNG TY TNHH SẢN XUẤT NHÔM TRƯỜNG THÀNH,z39nt11c,"Lô H23 - H28, đường N1, KCN Nam Thuận, Đức Hòa, Long An"
t89ph14r,CÔNG TY CỔ PHẦN NHÔM ĐÔ THÀNH,t89ph14r,Khu công nghiệp vừa và nhỏ Phú Thị - Gia Lâm - Hà Nội
q61pj92r,CÔNG TY TNHH LONG VÂN NTV,q61pj92r,"76 Đại lộ Bình Dương, Phường Lái Thiêu, Thành phố Thuận An, Tỉnh Bình Dương, Việt Nam"
p75hk38h,Công Ty Cổ Phần Oristar,p75hk38h,"Tầng 9, Toà Nhà Detech, Số 8, Tôn Thất Thuyết, P. Mỹ Đình 2, Q. Nam Từ Liêm, Hà Nội."
b57oq96c,Công Ty TNHH Kim Khí Hoàng Ngọc,b57oq96c,"Tổ dân phố Như Thiết, P. Hồng Thái, TX. Việt Yên, Bắc Giang"
u74vx54z,Công Ty TNHH Xuất Nhập Khẩu Dịch Vụ Thương Mại Hang Xin,u74vx54z,"28/8B Ấp Thới Tây 1, X. Tân Hiệp, H. Hóc Môn, TP. Hồ Chí Minh"
a20fk34v,Công Ty TNHH Xây Dựng Cơ Khí Và Thương Mại T&T,a20fk34v,"Thôn 5, Thượng Vỹ, Xã Nhân Chính, Huyện Lý Nhân, Hà Nam"
r75no44s,Công Ty TNHH Đông Dương Aluminium,r75no44s,"Thôn Mẫn Xá, Xã Văn Môn, Huyện Yên Phong, Bắc Ninh"
t10al69p,Công Ty TNHH Dongdopro,t10al69p,"Số 23A/109 Trường Chinh, P. Phương Liệt, Q. Thanh Xuân, Hà Nội"
l72zm64y,Công Ty TNHH Garmco Metals Việt Nam,l72zm64y,"Lô 1-1&2 Đường N3-2, KCN Long Đức, X. Long Đức, H. Long Thành, Đồng Nai"
l15so63e,Công Ty TNHH Nhôm Bảo Khôi,l15so63e,"KCN Hoàng Gia, Xã Mỹ Hạnh Nam, Huyện Đức Hòa, Long An"
a11tr14r,Công Ty TNHH Một Thành Viên Kha Hưng,a11tr14r,"47/10-12 Hà Tôn Quyền, P. 15, Q. 5, TP. Hồ Chí Minh"
o62vn60u,Công Ty TNHH Kim Loại Màu Hà Nội,o62vn60u,"Số 20, Lô 2A, Khu Đô Thị Mới Trung Yên, Phường Yên Hoà, Quận Cầu Giấy, Hà Nội"
v72on63d,Công Ty Cổ Phần Aluminum Hàn Việt,v72on63d,"Lô CN7, KCN Điềm Thụy, P. Hồng Tiến. TP. Phổ Yên, Thái Nguyên"
b55gy27t,Công Ty TNHH Tái Chế Xanh Việt Nam,b55gy27t,"Lô 6,7,8 Bình Than, Khu Bồ Sơn 3, P. Võ Cường, TP. Bắc Ninh, Bắc Ninh"
b87ex10c,Công Ty Cổ Phần Kim Loại Toàn Cầu,b87ex10c,"118 An Phú Đông 03, Khu Phố 5, Phường An Phú Đông, Quận 12, TP. Hồ Chí Minh"
t30ys12z,Nhà Máy Nhôm Việt Pháp,t30ys12z,"Lô KT, KCN Phúc Sơn, Đường Trần Nhân Tông, P. Ninh Sơn, TP. Ninh Bình, Ninh Bình"
y86su46m,Công Ty TNHH Nhôm Minh Dũng,y86su46m,"Thửa Đất Số 11, Tờ Bản Đồ 50, Cụm CN Dốc Sặt, P. Trang Hạ, TX. Từ Sơn, Bắc Ninh"
s88gr18g,Công Ty TNHH Almine Việt Nam,s88gr18g,"KCN Lương Sơn, Xã Hòa Sơn, Huyện Lương Sơn, Hòa Bình"
x27fp67n,Công Ty TNHH Xuất Nhập Khẩu Thương Mại An Phát Gia,x27fp67n,"398B Mã Lò, KP. 10, P. Bình Hưng Hòa A, Q. Bình Tân, TP. Hồ Chí Minh"
o75ro23n,Công Ty TNHH Thương Mại & Kỹ Thuật Quốc Phát,o75ro23n,"50/11/15 Đường 79, P. Phước Long B, TP. Thủ Đức, TP. Hồ Chí Minh (TPHCM)"
l88ne80i,Công Ty TNHH Thương Mại Đầu Tư Phát Triển Nhôm Châu Âu,l88ne80i,"Số 289 Tổ Dân Phố Bình Minh, Thị Trấn Trâu Quỳ, Huyện Gia Lâm, Hà Nội"
f19pv63k,Công Ty TNHH MTV TM DV Minh Phát Steel,f19pv63k,"96/51/22 Trương Văn Vĩnh, P. Tân Bình, TP. Dĩ An, Bình Dương"
y85ah18b,Công Ty Cổ Phần Banhay,y85ah18b,"Số 303 Vĩnh Hưng, Q. Hoàng Mai, Hà Nội"
q60wl86f,Công Ty Cổ Phần Tập Đoàn Ngọc Thiên Global,q60wl86f,"T07-OF-07 Tầng 2, Tòa Nhà T7 Time City, 458 Minh Khai, P. Vĩnh Tuy, Q. Hai Bà Trưng, Hà Nội"
l51yg27o,Chi Nhánh Công Ty TNHH Xuất Nhập Khẩu Dịch Vụ Thương Mại Hang Xin,l51yg27o,"Thôn Vũ Hạ, Xã An Vũ, Huyện Quỳnh Phụ, Thái Bình"
x71sq90w,Công Ty TNHH Sản Xuất Thương Mại Dịch Vụ Nghi Quân,x71sq90w,"Số 158 Văn Thân, P. 8, Q. 6, TP. Hồ Chí Minh"
c67am98v,Công Ty Cổ Phần Top American Việt Nam,c67am98v,"Lô G-4B-CN, KCN Mỹ Phước 2, TX. Bến Cát, Bình Dương"
j68wo13d,Công ty cổ phần SCG Việt Nam,j68wo13d,"Số 3 ngõ 342/29 đường Hồ Tùng Mậu, P.Phú Diễn, Q.Bắc Từ Liêm, TP.Hà Nội, Việt Nam"
a25dz78w,Công  TNHH Công Nghệ Dalian Shungji,a25dz78w,"Tầng 45, Tian' một Tòa nhà Quốc tế, 88 Đường Trung Sơn, Quận Trung Sơn, Đại Liên"
r39ot34i,CÔNG TY CỔ PHẦN KỸ THUẬT XÂY DỰNG BÁCH KHOA,r39ot34i,"177 Đường Tân Sơn, Phường 15, Quận Tân Bình, TP.HCM"
r33ze56d,CÔNG TY TNHH NHẬT ĐÌNH,r33ze56d,181 Đường Cầu Diễn – Hà Nội
e18xd88o,CÔNG TY TNHH MTV HOÀI TÍN,e18xd88o,"B01.04 Saigon Gateway, 702 XL Hà Nội, Hiệp Phú, Tp. Thủ Đức, Tp. Hồ Chí Minh"
u77rh51o,CÔNG TY TNHH TM & DV USS VIỆT NAM,u77rh51o,"HCM: 1177 Huỳnh Tấn Phát, Quận 7, TP Hồ Chí Minh"
h61lk13p,CÔNG TY TNHH GIẢI PHÁP CÔNG NGHỆ PCM,h61lk13p,"Tầng 7, Số 60 Nguyễn Văn Thủ, Phường Đa Kao, Quận 1, TP. Hồ Chí Minh"
e84el35c,Công ty TNHH công nghệ vật liệu Composite Thành Thắng ,e84el35c,"384 Phạm Văn Đồng, tổ dân phố Lợi Thịnh, Phường Cam Lợi, Thành phố Cam Ranh, Tỉnh Khánh Hòa"
h46qg69b,Công Ty TNHH SX TM DV Kỹ Thuật Gia Lâm COMPOSITE,h46qg69b,"55/18 Đường Huỳnh Thị Hai, Khu Phố 9, Phường Tân Chánh Hiệp, Quận 12, TP. Hồ Chí Minh"
z46bd35q,Công Ty TNHH Sản Xuất Thương Mại Nhựa Anh Khải,z46bd35q,"182/8 Ấp Tân Thới 3, X. Tân Hiệp, H. Hóc Môn"
y61nw66d,Công ty TNHH Thương mại và Dịch vụ Tân Trường Thịnh,y61nw66d,"Số 23, Phố Thanh Lân, P. Thanh Trì, Q. Hoàng Mai, Tp. Hà Nội"
c66no45o,Công Ty TNHH Thương Mại Kiên Phi,c66no45o,"496/2 Đường Hậu Giang, Phường 12, Quận 6, TP. Hồ Chí Minh"
k65mb82a,Công Ty TNHH Một Thành Viên Sản Xuất Và Công Nghệ Toàn Hùng Phát,k65mb82a,"17 Huỳnh Mẫn Đạt, Phường Hòa Cường Bắc, Quận Hải Châu, Tp. Đà Nẵng"
x60ao53r,Công Ty TNHH Sản Xuất Thương Mại Và Dịch Vụ Hợp Long Thành,x60ao53r,"Tổ 9, Khối Phố Đà Sơn, P. Hòa Khánh Nam, Q. Liên Chiểu, Tp. Đà Nẵng"
r98ox43l,Công Ty TNHH Composite Thuận Phước,r98ox43l,"102 Đặng Văn Bi, P. Bình Thọ, TP. Thủ Đức, TP. Hồ Chí Minh"
e95wy51e,Công Ty TNHH Sản Xuất & Thương Mại Vĩ Đức,e95wy51e,"348 Ấp Bình Hữu 1, X. Đức Hòa Thượng, H. Đức Hòa, Long An"
f66wf54z,Công Ty Cổ Phần Vật Liệu Mới MG Việt Nam,f66wf54z,"Lô 30 BT4 - 3, KĐT Vinaconex 3, Trung Văn, Quận Nam Từ Liêm, Hà Nội"
r19id15x,Công Ty TNHH Phát Triển Công Nghệ Polyme Hoàng Linh,r19id15x,"Số Nhà 21, Tổ 20, Phường Thượng Thanh, Quận Long Biên, Hà Nội"
n71zz54j,Công Ty Cổ Phần Đầu Tư Công Nghiệp Và Thương Mại A&A,n71zz54j,"Số 2A/33, Quốc Lộ 5 Mới, An Trì 2, P. Hùng Vương, Q. Hồng Bàng, Tp. Hải Phòng"
q94aq85s,Công Ty Cổ Phần Nhựa Mai Anh Quân DNA,q94aq85s,"Lô D1, Đường Số 10, KCN Hòa Khánh, P. Hoà Khánh Bắc, Q. Liên Chiểu, Tp. Đà Nẵng"
v22jq55t,Công Ty Cổ Phần Thương Mại Và Sản Xuất FRP Việt Nam,v22jq55t,"P. 1707, Nhà 17T10, Nguyễn Thị Định, P. Trung Hòa, Q. Cầu Giấy, Hà Nội"
w61ht28n,Công Ty TNHH Thương Mại Sản Xuất Dịch Vụ Hiệp Phát Composite,w61ht28n,"362/54/1A Nguyễn Ái Quốc, KP. 10, P. Hố Nai, TP. Biên Hòa, Đồng Nai"
q90um36u,Công Ty TNHH Sản Xuất Thương Mại & Dịch Vụ Kỹ Thuật Hoa Đăng,q90um36u,"22 Đường 15, KP. Gò Công, P. Long Thạnh Mỹ, TP. Thủ Đức, TP. Hồ Chí Minh"
g40qe56l,Vinatank - Công Ty TNHH Cơ Khí Linh Phát,g40qe56l,"Số 3, Đường 40, P. Hiệp Bình Chánh, TP. Thủ Đức, TP. Hồ Chí Minh"
w58hx48k,Công Ty TNHH Một Thành Viên Xuất Nhập Khẩu T.L.S,w58hx48k,"Tổ 25, KP. 4, P. Trảng Dài, Tp. Biên Hòa, Đồng Nai"
o66vm70e,Công Ty Cổ Phần Đầu Tư Và Phát Triển Công Nghệ Vật Liệu Composit Sao Đỏ,o66vm70e,"Số 2, ngõ 46, phố Trường Lâm, Phường Đức Giang, Quận Long Biên, Thành phố Hà Nội, Việt Nam"
j75kx50l,Công Ty TNHH Chembase Vina,j75kx50l,"Đường N4, Lô M, KCN Lộc An - Bình Sơn, X. Long An, H. Long Thành, Đồng Nai"
a18vk19q,CÔNG TY CỔ PHẨN COMPOSITE VÀ CÔNG NGHỆ ÁNH DƯƠNG,a18vk19q,"39 Lệnh Cư, Khâm Thiên, Đống Đa, Hà Nội"
m49xn23q,Công Ty Cổ Phần Sản Xuất Thương Mại Và Đầu Tư Hợp Phát,m49xn23q,"P.307, Nhà T10, CT18, KĐT Việt Hưng, P. Giang Biên, Q. Long Biên, Hà Nội"
z47gi80c,Công Ty TNHH Sản Xuất Và Thương Mại Nhựa 247,z47gi80c,"390A Bùi Công Trừng, X. Nhị Bình, H. Hóc Môn, TP. Hồ Chí Minh"
t35yj82m,Công Ty TNHH Thương Mại Kiên Trung Long,t35yj82m,"99 Đường 44 Trương Đình Hội, P. 16, Q. 8, TP. Hồ Chí Minh"
w70xh76r,Công Ty TNHH Nhựa Tân Kim Long,w70xh76r," Số 2, Ấp Tân Hựu, X. Tân Nhuận Đông, H. Châu Thành, Đồng Tháp"
u97ht66r,CÔNG TY TNHH SẢN XUẤT THƯƠNG MẠI DỊCH VỤ CƠ KHÍ THÀNH ANH ÁNH,u97ht66r,"Số 34, Đường Mỹ Phước Tân Vạn, Khu Phố Tân Phú, Phường Tân Bình, Thành Phố Dĩ An, Bình Dương"
u32hz20e,Công Ty TNHH Cơ Khí Chính Xác Việt Nhật Tân,u32hz20e,"35/19/15 Phan Văn Hớn, Phường Tân Thới Nhất, Quận 12, TP. Hồ Chí Minh"
h70nf55n,Công Ty Cổ Phần Sunz Precision,h70nf55n,"Lô A 9C CN, KCN Bàu Bàng, Thị Trấn Lai Uyên, Huyện Bàu Bàng, Bình Dương"
j41uy53l,Công Ty TNHH Cơ Khí Duy Khanh,j41uy53l," 310A Lũy Bán Bích, P. Hòa Thạnh, Q. Tân Phú, TP. Hồ Chí Minh"
d49cr79z,Công Ty TNHH Khôi Lạc,d49cr79z,"234/3 KP1, Quốc Lộ 1K, P. Linh Xuân, Q. Thủ Đức, TP. Hồ Chí Minh"
z62il37j,Công Ty CP Ứng Dụng Công Nghệ Tiên Tiến Lê Hoàng Anh,z62il37j,"K 185 Lê Trọng Tấn, P. Hòa Phát, Q. Cẩm Lệ, Tp. Đà Nẵng"
q26lv54y,Công Ty TNHH Cơ Khí Sản Xuất Và Thương Mại Thành Hà,q26lv54y,"Số 2, Lô 2 KCN Lai Xá, X. Kim Chung, H. Hoài Đức, Hà Nội"
t14pt71a,Công Ty TNHH EQUAL Việt Nam,t14pt71a,"Lô B-4B9-CN, Đường NE5C, KCN Mỹ Phước 3, P. Thới Hòa, TX. Bến Cát, Bình Dương"
g84sg58v,Công Ty TNHH Thương Mại Và Sản Xuất Cơ Khí Hà Nội,g84sg58v,"Km 19, QL 32, Thượng Thụy, Đức Thượng, Hoài Đức, Hà Nội"
w97bj41l,Công Ty TNHH Cơ Điện Việt Phúc Nhân,w97bj41l,"Tổ 6, Ấp 2, X. Vĩnh Tân, H. Vĩnh Cửu, Đồng Nai"
i19ez42v,Công Ty TNHH Gia Công Chính Xác Apro,i19ez42v,"Số 9, Cụm KCN Số 26, P. Phước Tân, TP. Biên Hoà, Đồng Nai"
z83go49i,Công Ty TNHH Kỹ Nghệ Stand Dragon,z83go49i,"Khu Công Nghiệp Bàu Xéo, X. Sông Trầu, H. Trảng Bom, Đồng Nai"
s17sj97k,Công Ty TNHH Công Nghệ EME Việt Nam,s17sj97k,"Số 41, Thôn Sơn Du, X. Nguyên Khê, H. Đông Anh, Hà Nội"
x32jr51v,Công Ty TNHH Cơ Khí Khánh Hà,x32jr51v,"Số 47, Tổ 2, Ấp Thống Nhất, Xã Vĩnh Thanh, Huyện Nhơn Trạch, Đồng Nai."
t51ji82r,Công Ty TNHH HMC Global,t51ji82r,"TH10-10, KĐT Quế Võ II, Huyện Quế Võ, Bắc Ninh"
j11tx29u,Công Ty TNHH Cơ Khí Mai Hoàng,j11tx29u,"1985B, Tổ 1, KP. Vườn Dừa, P. Phước Tân, TP. Biên Hòa, Đồng Nai"
p60cr96z,Công Ty TNHH Cơ Khí Chính Xác Hoàng Sơn,p60cr96z,"Thôn Tân Tiến, Xã Đông Phú, Huyện Lục Nam, Bắc Giang"
n36qr57q,Công Ty TNHH Thương Mại Kĩ Thuật Quang Khôi,n36qr57q,"Số 58, Phố Tân Áp, P. Phúc Xá, Q. Ba Đình, Hà Nội"
n72rm98w,Công Ty CP Tự Động Hóa Sơn Vũ,n72rm98w,"126 Cù Lao, Phường 2, Quận Phú Nhuận, TP. Hồ Chí Minh"
n67ja10u,Công Ty TNHH Cơ Khí Chính Xác Lộc Phát,n67ja10u,"305/1/14 Lê Văn Quới, Phường Bình Trị Đông, Quận Bình Tân, TP. Hồ Chí Minh"
a90rf37o,Công Ty Cổ Phần Vật Tư Tân Trường,a90rf37o,"Ngõ 147 Tân Mai, Phường Tân Mai, Quận Hai Bà Trưng, Hà Nội"
l60un45l,Công Ty TNHH Khang Thiên Phước,l60un45l,"736 Ấp Trà Cổ, X. Bình Minh, H. Trảng Bom, Đồng Nai"
e43js65p,Công Ty TNHH Sơn Hà Phát,e43js65p,"10E Cư Xá Lắp Máy, Tổ 35, KP. 5, P. Trảng Dài, TP. Biên Hòa, Đồng Nai"
u53mg93s,Công Ty TNHH Sản Xuất Và Dịch Vụ Nghĩa Phát,u53mg93s,"Thửa Đất 2192, Tờ Bản Đồ Số 3, KP. Châu Thới, P. Bình An, TP. Dĩ An, Bình Dương"
o29xo61r,Công Ty Cổ Phần Công Nghệ Dako Việt Nam,o29xo61r,"Đường CN8, CCN Vừa Và Nhỏ Từ Liêm, Xuân Phương, H. Từ Liêm, Hà Nội"
d36ma27c,Công ty Cổ phần Máy và Thiết bị Công nghiệp VINAMEC,d36ma27c,"Ng. 531 Đ. Bát Khối, tổ 8, Long Biên, Hà Nội"
l67un69i,Công ty TNHH Công nghệ Lưu trữ Châu Á (ASTCO),l67un69i,"130 Lê Sao, P. Phú Thạnh, Q. Tân Phú Thành Phố Hồ Chí Minh"
f37rv41l,Công ty TNHH Thiết bị Công nghệ Hoàng Anh,f37rv41l,Đại Bái - Huyện Gia Bình - Tỉnh Bắc Ninh.
y99bl33k,Công ty TNHH Công nghệ và Giải pháp SmartCom,y99bl33k,"Số 12/149 phố Cự Lộc, Phường Thượng Đình, Quận Thanh Xuân, Thành phố Hà Nội, Việt Nam"
p92il66h,Công ty TNHH Công nghệ EBM,p92il66h,"Đường số 5, KCN Nhơn Trạch 3, Tỉnh Đồng Nai"
r62jq42c,Công ty CP Công nghệ Tinh Vân,r62jq42c,"Lầu 4 – D1 Tòa nhà Mirae Business, 268, Đ. Tô Hiến Thành, Phường 15, Quận 10, Hồ Chí Minh"
g19bx64z,HEM - Công Ty Cổ Phần Chế Tạo Điện Cơ Hà Nội,g19bx64z,"Km12, Đường Cầu Diễn, P. Phúc Diễn, Q. Bắc Từ Liêm, Hà Nội"
f94bw80s,Điện Cơ Teco Việt Nam - Công Ty TNHH Công Nghệ Điện Cơ Teco Việt Nam,f94bw80s,"QL51, X. Long An, H. Long Thành, Đồng Nai"
j65ba36c,Động Cơ Điện An Hùng Minh - Công Ty TNHH Cơ Điện An Hùng Minh,j65ba36c,"TDP Văn Trì 3, P. Minh Khai, Q. Bắc Từ Liêm, Hà Nội"
l66sf16r,Động Cơ Điện TMX - Malaysia - Công Ty TNHH T.E.M. Engineering (Việt Nam),l66sf16r,"77/5A, Tân Thới Nhất 8, Tân Thới Nhất, Q. 12, TP. Hồ Chí Minh"
m87lp73a,Động Cơ Điện Hồng Ký - Công Ty TNHH Sản Xuất Thương Mại Cơ Khí Hồng Ký,m87lp73a,"38 Tây Lân, KP. 7, P. Bình Trị Đông A, Q. Bình Tân, TP. Hồ Chí Minh (TPHCM)"
k68ww52y,Máy Nén Khí NNT Tín Phát - Công Ty TNHH NNT Tín Phát,k68ww52y,"Số 296, Tổ 5, KP. Khánh Lộc, P. Tân Phước Khánh, TX. Tân Uyên, Bình Dương"
m41ph51i,Công Ty TNHH Lan Minh Nguyễn,m41ph51i,"Số 10 Hoàng Diệu, P. 10, Q. Phú Nhuận, TP. Hồ Chí Minh (TPHCM)"
o15oh28i,Công Ty Cổ Phần Chế Tạo Máy Điện Việt Nam - Hungari 1,o15oh28i,"Đường 6B, KCN Hòa Khánh, P. Hòa Khánh Bắc, Q. Liên Chiểu, Tp. Đà Nẵng"
l51vg44b,Công Ty TNHH Một Thành Viên Thương Mại Linh Duy Phát,l51vg44b,"Số 4/5, KP. 4, P. An Phú, TP. Thuận An, Bình Dương"
d83jg44s,Công Ty Cổ Phần VN NaSa,d83jg44s,"Số nhà 465, Đường Tam Trinh, P. Hoàng Văn Thụ, Q. Hoàng Mai, Hà Nội"
q21sk65a,Công Ty TNHH Xuất Nhập Khẩu Thương Mại Đại Kinh Nam,q21sk65a,"Số 3, Đường ĐT743 KP.1B, P. An Phú, Tp. Thuận An, Bình Dương"
t72qz18x,Công Ty TNHH Điện Cơ Hà Nội (HECO),t72qz18x,"Lô J12(A-B-C), Đường 10, KCN Lê Minh Xuân, X. Lê Minh Xuân, H. Bình Chánh, TP. Hồ Chí Minh (TPHCM)"
w12th63m,Công Ty TNHH Đầu Tư Thương Mại Minh Á,w12th63m,"Số 15 ngõ 25 Phạm Thận Duật, P. Mai Dịch, Q. Cầu Giấy, Hà Nội"
v43nz50m,Công Ty TNHH Thương Mại Dịch Vụ Quốc Tế Liên Thắng,v43nz50m,"252 Đường TMT13, P. Trung Mỹ Tây, Q. 12, TP. Hồ Chí Minh (TPHCM)"
c49fp50s,Nam Châm Hoàng Phát - Công Ty TNHH TM&XNK Hoàng Phát,c49fp50s,"Số 7, Ngách 16, Ngõ 29 Khương Hạ, P. Khương Đình, Q. Thanh Xuân, Hà Nội"
d15go63e,Nam Châm Eternal Việt Nam - Công Ty TNHH ETERNAL Viet Nam,d15go63e,"25/19 Đường An Phú Đông 25, KP3, Phường An Phú Đông, Quận 12, TP. Hồ Chí Minh (TPHCM)"
x40dy89j,Nam Châm Hoàng Nhật Vũ - Công Ty TNHH Sản Xuất Và Thương Mại Hoàng Nhật Vũ,x40dy89j,"Số 9 đường số 10, Kp 4, Phường Hiệp Bình Chánh, Tp. Thủ Đức, TP. Hồ Chí Minh (TPHCM)"
w15yh29w,Nam Châm Imag - Công Ty TNHH Sản Xuất Thương Mại Imag Vietnam,w15yh29w,"181-183 Nguyễn Sĩ Sách, P. 15, Q. Tân Bình, TP. Hồ Chí Minh (TPHCM)"
i35jd53x,Nam Châm Magta - Công Ty TNHH Nam Châm Magta,i35jd53x,"104/25/12 Trần Bá Giao, P. 5, Q. Gò Vấp, TP. Hồ Chí Minh (TPHCM)"
i44sr94z,Nam Châm KOS - Công Ty Cổ Phần Thương Mại Và Kỹ Nghệ KOS,i44sr94z,"P3, Khu B4b, P. Thành Công, Q. Ba Đình, Hà Nội"
k54mo85k,Nam Châm Việt Nhật,k54mo85k,"Số 35B, Tổ 1, Tân Bình, Xuân Mai, Chương Mỹ, Hà Nội"
i37gj87t,Thế Giới Nam Châm - Công Ty TNHH ROYAL GROUP Việt Nam,i37gj87t,"Số 26/488 Trần Cung, P. Cổ Nhuế 1, Q. Bắc Từ Liêm, Hà Nội"
w40zc50p,Nam Châm Giá Sỉ,w40zc50p,"234/3A Trần Kế Xương, P. 7, Q. Phú Nhuận, TP. Hồ Chí Minh (TPHCM)"
b70va17v,Nam Châm VINAMAG - Công Ty TNHH VINAMAG,b70va17v,"01 Đường TTN 01, P. Tân Thới Nhất, Q. 12, TP. Hồ Chí Minh (TPHCM)"
a37kj78x,Tổng Kho Nam Châm,a37kj78x,"Khu Thương Mại Tòa Chung Cư N3, Tập Thể Nguyễn Công Chứ, Phố Huế, Q. Hai Bà Trưng, Hà Nội"
g88vr30f,Phụ Kiện Nội Thất VILUBI - Công Ty TNHH VILUBI,g88vr30f,"75 Trần Quang Diệu, Phường Tân Bình, TP. Dĩ An, Bình Dương"
b99xb73o,"Nam Châm, Keo Nến DLP Việt Nam - Công Ty TNHH DLP Việt Nam",b99xb73o,"No10 Liền Kề 357, Khu Cổng Đồng, P. La Khê, Q. Hà Đông, Hà Nội"
c59au21n,Chi Nhánh Công Ty TNHH ROYAL GROUP Việt Nam,c59au21n,"Số 58 Trần Văn Khánh, P. Tân Thuận Đông, Q. 7, TP. Hồ Chí Minh (TPHCM)"
u15bx76c,Nam Châm Đại Việt - Công Ty TNHH Nam Châm Đại Việt,u15bx76c,"Km69, QL37, Cụm Công Nghiệp An Đồng, Thị Trấn Nam Sách, Hải Dương"
a88fl38d,Công Ty TNHH Phụ Kiện Và Công Nghệ ANT Việt Nam,a88fl38d,"331/70/121 Phan Huy Ích, P. 14, Q. Gò Vấp, TP. Hồ Chí Minh (TPHCM)"
e88zq80a,Công Ty TNHH GMT VINA,e88zq80a,"Số 9C, Ngõ 401/21 Xuân Đỉnh, P. Xuân Đỉnh, Q. Bắc Từ Liêm, Hà Nội"
u93yl43j,Công Ty TNHH Sản Xuất Nam Châm Việt,u93yl43j,"18 Đường Số 16, KP. 4, P. Hiệp Bình Chánh, Tp. Thủ Đức, TP. Hồ Chí Minh (TPHCM)"
b27bt44s,Công Ty Cổ Phần Nam Châm Việt Nam,b27bt44s,"Số 11, Ngõ 15, Phố Hoàng Như Tiếp, P. Bồ Đề, Q. Long Biên, Hà Nội"
f34sc99u,Công Ty TNHH Nam Châm Toàn Cầu,f34sc99u,"430/53 Cách Mạng Tháng 8, P. 11, Q. 3, TP. Hồ Chí Minh (TPHCM)"
e62he43k,Nam Châm Đại Phát,e62he43k,"195 Xa Lộ Hà Nội, P. An Phú Đông, Q. 12, TP. Hồ Chí Minh (TPHCM)"
l54xp24y,Công Ty TNHH Sản Xuất Và Thương Mại Nam Châm Hoàng Nam,l54xp24y,"520/90/8/16 QL13, KP. 6, P. Hiệp Bình Phước, Tp. Thủ Đức, TP. Hồ Chí Minh (TPHCM)"
n27aw51x,Công Ty TNHH OneMag Việt Nam,n27aw51x,"75 Tên Lửa, P. Bình Trị Đông B, Q. Bình Tân, TP. Hồ Chí Minh (TPHCM)"
o96th75v,Công Ty Cổ Phần Lực Phát,o96th75v,"195/15 Xô Viết Nghệ Tĩnh, P. 17, Q. Bình Thạnh, TP. Hồ Chí Minh (TPHCM)"
j54fd30p,Công Ty LKT1827 Electronic Service,j54fd30p,"Số 551/17 Đường Phạm Văn Chí, P. 7, Q. 6, TP. Hồ Chí Minh (TPHCM)"
m57mq60q,Công Ty TNHH SX TM&DV Đất Việt,m57mq60q,"147/50/8 Tân Mai, P. Tân Mai, Q. Hoàng Mai Hà Nội"
a18ca38m,Công Ty TNHH Thương Mại 3M - Techco,a18ca38m,"Số 9, Ngõ 40/2 Tạ Quang Bửu, P, Bách Khoa, Q. Hai Bà Trưng, Hà Nội"
b45fh95c,Công Ty TNHH Dịch Vụ Doanh Nghiệp Việt,b45fh95c,"Số 161, Tổ 24, KP. 6, P. Long Bình, TP. Biên Hòa, Đồng Nai"
t94qg19g,Tổng Đại Lý Nam Châm Gaoms,t94qg19g,"Số 19C Ngõ 401/21 Xuân Đỉnh, Q. Bắc Từ Liêm, Hà Nội"
o63uz99v,Công Ty TNHH Công Nghệ Sinomag Việt Nam,o63uz99v,"Lô 131A2, 131B1 Khu Công Nghiệp Long Giang, Xã Tân Lập 1, Huyện Tân Phước, Tiền Giang"
m78oq35s,Công Ty TNHH Kỹ Thuật GE,m78oq35s,"Tầng 6, Tòa nhà Sinh Plaza, Số 18-20 Đức Diễn, P. Phúc Diễn, Q. Bắc Từ Liêm, Hà Nội"
w77st12d,Nam Châm Đất Việt,w77st12d,"147/50/8 Tân Mai, Q. Hoàng Mai, Hà Nội"
z35um16z,Công Ty TNHH Wakyo Magall,z35um16z,"20/5 Đường Tân Cảng, P. 25, Q. Bình Thạnh, TP. Hồ Chí Minh (TPHCM)"
j80mz71a,CÔNG TY TNHH LTD ĐỨC MẠNH,j80mz71a,"Thôn Đông Mai, Xã Chỉ Đạo, Huyện Văn Lâm, Tỉnh Hưng  Yên"
o45ix62f,CÔNG TY TNHH MTV CƠ ĐIỆN LÂM ĐIỀN KHANG,o45ix62f,"Số 156 Đường ĐT 743A, Kp. Đông An, P. Tân Đông Hiệp, TP. Dĩ An, Bình Dương"
y36ia83v,LINH KIỆN ĐIỆN TỬ TPHCM,y36ia83v,"40/12 Lữ Gia, Phường 15, Quận 11, TP. Hồ Chí Minh"
r47qp98b,Tên công ty Điện Tử QUỲNH DIỄN,r47qp98b,"Số 182/19 Đường Chiến Lược, P. Bình Trị Đông, Q. Bình Tân, TP. Hồ Chí Minh"
n80qy56g,CÔNG TY TNHH KIM LOẠI MÀU ĐÔNG DƯƠNG,n80qy56g,"Thị Tứ Bô Thời, Xã Hồng Tiến, Huyện Khoái Châu , Tỉnh Hưng Yên, Việt Nam"
j71hm69c,Ngo Han Joint Stock Company ,j71hm69c,"Km35, Quốc lộ 51, Xã Phước Thái, Huyện Long Thành, Tỉnh Đồng Nai, Việt Nam"
x58lw64g,CÔNG TY CP KIM LOẠI MÀU & NHỰA ĐỒNG VIỆT,x58lw64g,"51 Đường B4, P. An Lợi Đông, Tp. Thủ Đức, Tp. Hồ Chí Minh"
u77ez30d,CÔNG TY DÂY ĐỒNG VIỆT NAM CFT,u77ez30d,"Khu Công Nghiệp Long Đức: Đường D3-3, Xã Long Đức Huyện Long Thành,T.Đồng Nai"
r77ac68l,Công ty Cổ phần Dây và Cáp SACOM,r77ac68l,"Đường số 4, KCN Long Thành, xã Tam An, huyện Long Thành, tỉnh Đồng Nai, Việt Nam"
t47zm92b,CÔNG TY TNHH ĐỒNG KỸ THUẬT KOREA VIỆT NAM.,t47zm92b,"KCN Đồng Văn I, Phường Đồng Văn, Thị xã Duy Tiên, Tỉnh Hà Nam"
y96xs25p,CÔNG TY TNHH THƯƠNG MẠI DỊCH VỤ KỸ THUẬT LÂM PHÚ,y96xs25p,"279A-281 Trương Thị Hoa, Phường Tân Thới Hiệp, Quận 12, TP. Hồ Chí Minh."
c99rr63l,Công ty TNHH Đồng Kỹ Thuật Korea Việt Nam (KCT),c99rr63l,"KCN Đồng Văn I, Phường Đồng Văn, Thị xã Duy Tiên, Tỉnh Hà Nam"
y81iz16m,Công ty TNHH thiết bị công nghiệp HT Sài Gòn,y81iz16m,"100/19 Quốc lộ 1A, Khu phố 4, Phường Hiệp Bình Phước, Thành phố Thủ Đức, Thành phố Hồ Chí Minh, Việt Nam"
j78ss92b,Công ty TNHH Thiết bị công nghiệp BNS Việt Nam,j78ss92b,"Số 172 C4 KĐT Mới Đại Kim – Định Công, P. Đại Kim, Q. Hoàng Mai, Tp. Hà Nội"
o73fq55t,Công Ty TNHH Thương Mại Dịch Vụ Diệu Linh Hoàng,o73fq55t,"Số 13/33 Khu Phố Bình Hòa , P. Lái Thiêu, TP. Thuận An, Bình Dương"
b46yx28v,Công Ty TNHH Thiết Bị Công Nghiệp Huy Khang,b46yx28v,"Số 1368 Hẻm 1423/286, Khu phố Vườn Dừa, Phường Phước Tân, Thành Phố Biên Hoà, Đồng Nai"
l70no28s,Công Ty TNHH MTD Trading,l70no28s,"Số 5 đường 23, Khu phố 3, P. Linh Chiểu, TP. Thủ Đức, TP. Hồ Chí Minh"
x91jr36z,Công Ty TNHH Đầu Tư Và Thương Mại VMT,x91jr36z,"Lô 8.2 - 01 Khu Đô Thị Mới Phía Tây, Phường Tân Bình, Thành Phố Hải Dương, Hải Dương"
k37hg77d,Công Ty TNHH Một Thành Viên Thương Mại Hải Lan,k37hg77d,"Số 34, Đường Số 19, KDC Bình Hưng, H. Bình Chánh, TP. Hồ Chí Minh (TPHCM)"
t17gk83p,CÔNG TY TNHH THIÊN PHÚ HÓA,t17gk83p,"7G/2, KP 1B, P. An Phú, TX. Thuận An, Bình Dương"
l11se79x,CÔNG TY TNHH MỘT THÀNH VIÊN TM & DV VẬN TẢI VÂN THANH TRANG,l11se79x,"73 Kỳ Đồng, phường Thanh Khê Đông, Quận Thanh Khê, Tp. Đà Nẵng"
s86tu95i,CÔNG TY TNHH ĐẦU TƯ XUẤT NHẬP KHẨU VÀ THƯƠNG MẠI AN PHÁT,s86tu95i,"Nhà 25 – DV01 – Lô 01 Nguyễn Khắc Hạnh, phường Mộ Lao, quận Hà Đông, Thành phố Hà Nội, Việt Nam"
d72za22f,CÔNG TY TNHH XNK KHANG NINH,d72za22f,"Số 89 đường Hoàng Ngọc Phách, phường Kênh Dương, quận Lê Chân, Hải Phòng"
b25rg58r,NHÀ PHÂN PHỐI BẠC ĐẠN TÀI PHÁT,b25rg58r,"Số 152/14/2, Tổ 6, Ấp Bình Lâm, Xã Lộc An, Huyện Long Thành, Đồng Nai"
s40iy10v,CÔNG TY TNHH THƯƠNG MẠI VÒNG BI THẾ GIỚI,s40iy10v,"270/9A, KP3A, Đường TTH02, Phường Tân Thới Hiệp, Quận 12, Hồ Chí Minh"
i49gb42l,CÔNG TY TNHH TM THIẾT BỊ CÔNG NGHIỆP HUYỀN TRANG,i49gb42l,"66/07/12 Huỳnh Văn Nghệ, Phường 15, Quận Tân Bình, TP. HCM"
b19jz13d,Công ty TNHH TM & DV XNK Tân Hiệp Sanh,b19jz13d,"C4/14, ấp 3, xã Tân Kiên, huyện Bình Chánh, Thành phố Hồ Chí Minh"
l79oj32d,CÔNG TY CỔ PHẦN CÔNG NGHIỆP TRƯỜNG PHÁT,l79oj32d,"Nhà 25 – DV01 – Lô 01 Nguyễn Khắc Hạnh, phường Mộ Lao, quận Hà Đông, Thành phố Hà Nội, Việt Nam"
w29qp17x,Công Ty TNHH Kinh Doanh Thiết Bị Công Nghiệp Mỹ Phước,w29qp17x,"Khu ECOHOME1, Đường R9B-6, Số A2-24, P. Thới Hòa, TP. Bến Cát, Bình Dương"
m37vf86r,CÔNG TY TNHH THƯƠNG MẠI XUẤT NHẬP KHẨU VÒNG BI HƯNG THỊNH PHÁT,m37vf86r,"Số 2 ngách 214/40, ngõ 215 Định Công Thượng, Phường Định Công, Quận Hoàng Mai, Hà Nội"
t62mn71z,Công Ty TNHH thương mại Tân Đại Long,t62mn71z,"396 Hồng Bàng, Phường 16, Quận 11, TP.Hồ Chí Minh "
h68ue37t,Công ty TNHH Trường Thành,h68ue37t,"Số 21, Liền kề 15, Khu Đô Thị Văn Phú, Hà Đông, Hà Nội"
p29ka19r,CÔNG TY CỔ PHẦN THƯƠNG MẠI VÀ CÔNG NGHỆ TST VIỆT NAM,p29ka19r,"Số 24 dãy E, khu Yên Hòa, Phường Yên Hoà, Quận Cầu Giấy, Thành phố Hà Nội, Việt Nam"
v85ht91h,Sao Việt ,v85ht91h,"Trần Văn Khánh, Phường Tân Thuận Đông, Quận 7, Thành phố Hồ Chí Minh"
w23vc63t,CÔNG TY TNHH TITANIUM SYNERGY VIỆT NAM,w23vc63t,"Lầu 10, 25 Hoàng Hoa Thám, phường 6, quận Bình Thạnh, Tp. Hồ Chí Minh."
m21pw11o,FSI VIET NAM COMPANY LIMITED,m21pw11o,"Số 226 đường Võ Chí Công, Phường Xuân La, Quận Tây Hồ, Thành phố Hà Nội, Việt Nam"
c86km64n,CÔNG TY TNHH NGŨ KIM HƯNG LONG,c86km64n,"(Thuê xưởng XN Giấy Tiến Thành) khu Cầu Ngà, Phường Vân Dương, Thành phố Bắc Ninh, Tỉnh Bắc Ninh, Việt Nam"
d97mr40t,THIẾT BỊ TRAO ĐỔI NHIỆT DTP - CÔNG TY CỔ PHẦN KỸ THUẬT CÔNG NGHỆ DTP,d97mr40t,"759/7A Hương Lộ 2, Khu Phố 2, Phường Bình Trị Đông, Quận Bình Tân, TP. Hồ Chí Minh (TPHCM)"
m53og30s,Công Ty TNHH Kim Loại VT,m53og30s,"39/12 Đường Gò Dưa, P. Tam Bình, Q. Thủ Đức, TP. Hồ Chí Minh (TPHCM)"
m12mh77j,Công Ty TNHH Công Nghiệp Quốc Tế Châu Dương,m12mh77j,"Tầng 10, Toà Nhà Ladeco, 266 Đội Cấn, P. Liễu Giai, Q. Ba Đình, Hà Nội"
h92jn82y,Công Ty TNHH Kim Loại G7,h92jn82y,"133/14/1E Bình Thành, Phường Bình Hưng Hòa B, Quận Bình Tân, TP. Hồ Chí Minh (TPHCM)"
w74ez86a,Công Ty TNHH TM DV Thép Khánh Nam,w74ez86a,"180 Bình thành, KP 4, P. Bình Hưng Hòa, Q. Bình Tân, TP. Hồ Chí Minh (TPHCM)"
r66lr92q,Công Ty TNHH Một Thành Viên Vật Liệu Titan,r66lr92q,"133/14/5 Bình Thành, P. Bình Hưng Hòa B, Q. Bình Tân, TP. Hồ Chí Minh (TPHCM)"
w29kl15k,Xi Mạ Vũ Tấn - Công Ty TNHH Thương Mại Kỹ Thuật Vũ Tấn,w29kl15k,"Đường Liên Khu 5-6, Khu Phố 9, Phường Bình Hưng Hòa B, Quận Bình Tân, Tp. Hồ Chí Minh."
x65zp59q,NIPPON MOLD STEEL VIETNAM,x65zp59q,"162 XA LỘ HÀ NỘI, KHU PHỐ QUYẾT THẮNG, PHƯỜNG BÌNH THẮNG, TP DĨ AN, BÌNH DƯƠNG"
y75ru66t,CÔNG TY TNHH TM KT THIÊN ĐĂNG,y75ru66t,"157/7, Tổ 7, Khu Phước Long, Thị Trấn Long Thành, Huyện Long Thành, Tỉnh Đồng Nai"
o46nq19t,CÔNG TY TNHH KIM KHÍ FUJI VIỆT NAM,o46nq19t,"Số 13 Quốc Lộ 51, Khu Phố Đồng, Phường Phước Tân, Thành Phố Biên Hoà , Đồng Nai"
y95bx88g, Công Ty TNHH Thương Mại Xuất Nhập Khẩu Hà Khánh,y95bx88g,"Số 360, QL 1A, KP. 3, P. Tam Bình, Thành Phố Thủ Đức, TP. Hồ Chí Minh, Việt Nam"
z15qc33y,INOX Tấn Thành,z15qc33y,"496A/19 Ấp1, Xã An Phú Tây, Huyện Bình Chánh, TP. Hồ Chí Minh"
j90rh27a,Kim Khí Việt Anh ,j90rh27a,KCN Duyên Thái - H.Thường Tín - Hà Nội
q68ld68j,CÔNG TY TNHH MTV INOX KÍNH THÀNH,q68ld68j,"856 Trường Chinh, Quận Cẩm Lệ, Tp. Đà Nẵng"
j71dl52p,CÔNG TY TNHH ĐẦU TƯ THƯƠNG MẠI KIM LOẠI AN PHƯỚC,j71dl52p,"94/20/5 Đường số 2, Kp.6, P.Hiệp Bình Phước, TP.Thủ Đức, TP.Hồ Chí Minh"
d92fi33k,Inox Tiên Phong - Công Ty TNHH Inox Tiên Phong,d92fi33k,"Lô M3-37 Đường Số 28, KDC Vĩnh Phú 2, Phường Vĩnh Phú, Thành Phố Thuận An, Bình Dương, Việt Nam"
z89up42l,CÔNG TY TNHH CÔNG NGHIỆP NAM THUẬN PHÁT,z89up42l,"Tổng kho kim khí số 1, Tam Hiệp, Thanh Trì, Hà Nội"
c66fx52m,CÔNG TY TNHH SẢN XUẤT THƯƠNG MẠI & XUẤT NHẬP KHẨU THỊNH PHÁT,c66fx52m,"967 Giải Phóng, P. Giáp Bát, Q. Hoàng Mai, Hà Nội"
c74ya14h,CÔNG TY TNHH THÉP KHÔNG GỈ VĨNH PHÁT,c74ya14h,"17 Đường 49A, Khu Phố 8, Phường Tân Tạo, Quận Bình Tân, TP. Hồ Chí Minh"
l73bw21e,Công Ty TNHH Kim Loại Cường Quang,l73bw21e,"68 Lê Sát, P. Tân Quý, Q. Tân Phú, TP. Hồ Chí Minh, Việt Nam"
x94mq50l,CÔNG TY TNHH TM SẢN XUẤT DV CƠ KHÍ PHẠM UY,x94mq50l,"Thôn Tây 3, Diên Sơn, Diên Khánh, Nha Trang, Khánh Hoà"
m93qp46u,Công Ty TNHH Thép H & D,m93qp46u,"Số Nhà 46, Ngõ 14 Nguyễn Lân, Phường Phương Liệt, Quận Thanh Xuân, Hà Nội"
a72jg94g,Garmco Metals - Công Ty TNHH Garmco Metals Việt Nam,a72jg94g,"Lô 1-1&2 Đường N3-2, KCN Long Đức, X. Long Đức, H. Long Thành, Đồng Nai"
e58yf82b,Nhôm Thỏi Grvmetal - Công Ty TNHH Tái Chế Xanh Việt Nam,e58yf82b,"Lô 6,7,8 Bình Than, Khu Bồ Sơn 3, P. Võ Cường, TP. Bắc Ninh, Bắc Ninh"
g44tz21b,Công Ty Cổ Phần Nhôm Việt Pháp SHAL - Nhà Máy Nhôm Việt Pháp,g44tz21b,"Lô KT, KCN Phúc Sơn, Đường Trần Nhân Tông, P. Ninh Sơn, TP. Ninh Bình, Ninh Bình"
c36lj51n,Nhôm Minh Dũng - Công Ty TNHH Nhôm Minh Dũng,c36lj51n,"Thửa Đất Số 11, Tờ Bản Đồ 50, Cụm CN Dốc Sặt, P. Trang Hạ, TX. Từ Sơn, Bắc Ninh"
l89sy21e,Công Ty TNHH Thương Mại Dịch Vụ Tín Hào Phong,l89sy21e,"48 Hà Tôn Quyền, Phường 12, Quận 5, TP. Hồ Chí Minh (TPHCM)"
d65sk62t,Nhôm Hợp Kim An Phát Gia - Công Ty TNHH Xuất Nhập Khẩu Thương Mại An Phát Gia,d65sk62t,"398B Mã Lò, KP. 10, P. Bình Hưng Hòa A, Q. Bình Tân, TP. Hồ Chí Minh (TPHCM)"
n51vk38j,Kim Loại Màu Banhay - Công Ty Cổ Phần Banhay,n51vk38j,"Số 303 Vĩnh Hưng, Q. Hoàng Mai, Hà Nội"
n91as25a,Thép Minh Phát - Công Ty TNHH MTV TM DV Minh Phát Steel,n91as25a,"96/51/22 Trương Văn Vĩnh, P. Tân Bình, TP. Dĩ An, Bình Dương"
i84jr33m,Nhôm Hiến Thành - Công Ty Trách Nhiệm Hữu Hạn Hiến Thành,i84jr33m,"24 Tôn Đức Thắng, P. Trần Nguyễn Hãn, Q. Lê Chân, Hải Phòng"
z80cy99b,Kim Loại Màu Hải Nguyên - Công Ty TNHH Thương Mại Dịch Vụ Xuất Nhập Khẩu Hải Nguyên,z80cy99b,"Số 2A Lý Tuệ, P. Tân Phú, Q. Tân Phú, TP. Hồ Chí Minh (TPHCM)"
u39wk95t,Nhôm Tín Kim - Công Ty Cổ Phần Nhựa Tín Kim,u39wk95t,"Số C2.7, Đường Đ3, KCN Đồng An 2, P. Hòa Phú, TP. Thủ Dầu Một, Bình Dương"
o90xm21m,Công Ty TNHH Sản Xuất Thương Mại Đức Thịnh,o90xm21m,"Số Nhà 24, Đường Số 36, Khu Đô Thị Vạn Phúc, P. Hiệp Bình Phước, TP. Thủ Đức, TP. Hồ Chí Minh (TPHCM)"
l13fe40b,Công Ty TNHH Plastic Hồng Phúc,l13fe40b,"Đường 295, TT. Chờ, H. Yên Phong, Bắc Ninh"
z44zv18z,Công Ty Cổ Phần Kim Loại Màu Và Nhựa Đồng Việt,z44zv18z,"Số 35, Đường số 10, P. An Lợi Đồng, Q. 2, Tp. Hồ Chí Minh"
w40bx45c,Công Ty TNHH Chế Biến Nhôm Liên Hòa,w40bx45c,"Khu phố 5, Phường Chánh Phú Hòa, Thị xã Bến Cát, Bình Dương"
h78il56q,Công Ty TNHH Thương Mại Dịch Vụ Xuất Nhập Khẩu Hoàn Nguyên,h78il56q,"404 Lý Thường Kiệt, P. 7, Q. Tân Bình, TP. Hồ Chí Minh (TPHCM)"
l33yx28j,Công Ty Cổ Phần Pro Materials Việt Nam,l33yx28j,"80 Xa lộ Hà Nội, Phường Tân Phú, Thành Phố Thủ Đức, TP. Hồ Chí Minh (TPHCM)"
o61np80t,Kim Loại Thiên Hương - Công Ty TNHH Thương Mại Dịch Vụ Xuất Nhập Khẩu Kim Loại Thiên Hương,o61np80t,"A2 Ô 22, Khu Dân Cư Thuận Giao, P. Thuận Giao, TX. Thuận An, Bình Dương"
b85in57v,CÔng Ty TNHH Sản Xuất Thương Mại Dịch Vụ Việt Khiêm,b85in57v,"8-9 Đường Số 6D, Khu TTCN Lê Minh Xuân, X. Tân Nhựt, H. Bình Chánh, TP. Hồ Chí Minh (TPHCM"
l47jw33r,Nhôm Cát Tường - Công Ty TNHH Xuất Nhập Khẩu Cát Tường,l47jw33r,"tòa Nhà Fortune, Số 7 Đường Sông Đà, Phường 2, Quận Tân Bình TP. Hồ Chí Minh (TPHCM)"
a72kv92y,Công Ty TNHH Nhôm Hợp Kim Tân Quang,a72kv92y,"Lô A6-D, KCN Hiệp Phước, Xã Long Thới, H. Nhà Bè, TP. Hồ Chí Minh (TPHCM)"
t55uj39k,Công Ty TNHH Một Thành Viên Vinh Long,t55uj39k,"68B Khu Phố 2, Đồng Khởi, P. Trảng Dài, TP. Biên Hòa, Đồng Nai"
k94lu25c,Công Ty TNHH Một Thành Viên Thương Mại Dịch Vụ Phú Phú Hưng,k94lu25c,"659/5 Đường Mỹ Phước Tân Vạn, KP. 4, P. An Phú, TP. Thuận An, Bình Dương"
x55rh50v,Công Ty Cổ Phần Sản Xuất Thương Mại Hà Thành An,x55rh50v,"Số 29/3, Đường Tân Thới Hiệp 07, KP. 3, P. Tân Thới Hiệp, Q. 12, TP. Hồ Chí Minh (TPHCM)"
j61yg65p,Công Ty TNHH Sản Xuất - Thương Mại - Dịch Vụ Trần Hùng,j61yg65p,"106 Đường 47, KP. 8, P. Tân Tạo, Q. Bình Tân, TP. Hồ Chí Minh (TPHCM)"
,,,
,,,
,,,
,,,
,,,
,,,
,,,
,,,
,,,
,,,
,,,
,,,
,,,
,,,
,,,
,,,
,,,
,,,
,,,
,,,
,,,
,,,
,,,
,,,
,,,
,,,
